seq;date;ind;spec;sp;sun_shade;Blattdicke (mm);Chlorophyllgehalt (SPAD);Reissfestigkeit (N);LDMC (mg/g);LMA;SLA  (mm² mg-1);LAI;VisSky;ISF;Stomatadichte (n pro mm²);d 15N/14N;d 13C/12C;N (%);C (%);a;b;PARsat;ETR1500 (µmol m-2 s-1 );init_slope;pseudo_r2;quality curve;photoinhib/decline of curve;Höhenzuwachs (m/Jahr);Group
2;05.02.2016;3_32_2;"""Sangrillo""";SANGRI;sonne;0,07;50,7;2,01;403,191489;54,85496614;18,22989002;;;;;2,144;-28,018;3,712391268;46,43052464;118,9500607;0,001889425;1218,669852;111,9594601;0,20479142;0,99901716;2;0;;
3;05.02.2016;3_33_5;"""Sangrillo""";SANGRI;sonne;0,07;35,2;1,84;317,676768;37,68181453;26,53800016;;;;;1,707;-29,125;3,004701709;46,97912563;73,66995695;0,001854082;1241,900243;69,10471357;0,124675291;0,991513863;2;0;;
4;05.02.2016;3_35_2;"""Sangrillo""";SANGRI;sonne;0,11;51,6;2,18;280,23407;47,62140019;20,99896257;;;;;4,961;-28,399;4,134038005;45,68693929;149,3811312;0,001792233;1284,757826;139,2242463;0,245105701;0,996740177;2;0;;
5;05.02.2016;3_36_5;"""Sangrillo""";SANGRI;sonne;0,13;43,5;1,63;387,97654;37,65296227;26,55833538;;;;;3,559;-29,57;4,133602262;46,76250004;65,44041062;0,002793363;824,3057891;64,44927526;0,159487743;0,997462814;2;0;;
6;09.02.2016;1_13_8;Aberema adenophora;ABEADE;schatten;0,17;61,6;1,59;377,942165;54,16158996;18,46326891;2,091113992;0,114616083;0,157367044;305,3478107;6,176;-31,327;1,944118599;50,807376;10,3285333;0,014504846;158,7459204;10,3285333;0,0790694;0,921169541;1;0;1,01084767;1
7;09.02.2016;1_15_6;Aberema adenophora;ABEADE;schatten;0,17;63;2,78;379,625209;55,67442331;17,96156908;2,114164886;0,107251431;0,128675168;232,6921272;2,328;-32,41;2,682846151;53,29344008;;;;;;;;;1,01084767;1
8;23.02.2016;1_15_6;Aberema adenophora;ABEADE;schatten;;;;0;;;;;;;;;;;15,95246256;0,015151934;151,9664112;15,95246255;0,124466589;0,996475292;2;0;1,01084767;1
9;18.02.2016;1_17_4;Aberema adenophora;ABEADE;schatten;0,1;63,6;1,99;384,781183;78,01181294;12,81857147;2,012;0,12;0,151;262,7839147;0,592;-33,529;2,65576468;48,04409372;65,03665547;0,005283252;435,8272205;65,01313601;0,266915908;0,983980739;0;0;1,01084767;1
10;15.02.2016;3_31_5;Aberema adenophora;ABEADE;schatten;0,2;58,9;1,86;338,607116;49,20959604;20,32123977;2,416;0,122;0,196;240,0850837;0,584;-31,075;1,327582783;44,59726943;54,95324354;0,002233974;1030,712652;53,02709592;0,110018064;0,984141524;2;0;1,01084767;1
16;2015;03_01_04;Aberema adenophora;ABEADE;sonne;;;;0;;;;;;312,97;;;;;;;;;;;;;1,01084767;1
11;12.02.2016;15_4_7;Aberema adenophora;ABEADE;sonne;0,11;36,9;2,41;447,154472;56,72995692;17,62737104;;;;328,7737561;;;;;;;;;;;;;1,01084767;1
12;23.02.2016;15_4_7;Aberema adenophora;ABEADE;sonne;;;;0;;;;;;;;;;;128,9931102;0,000973331;2365,674123;99,0361475;0,119636329;0,995825517;2;0;1,01084767;1
13;12.02.2016;15_7_6;Aberema adenophora;ABEADE;sonne;0,18;44,7;1,51;378,420753;40,10147682;24,93673748;;;;;3,884;-30,929;2,693878022;47,82180028;81,78039221;0,000662496;3475,620195;51,50627152;0,052423506;0,98513288;2;0;1,01084767;1
14;25.02.2016;23_15_4;Aberema adenophora;ABEADE;sonne;0,16;32,3;1,67;403,71134;49,00806496;20,40480482;;;;259,4387813;2,519;-30,488;2,893932522;66,61552864;39,47236774;0,001104451;2084,82315;31,94214728;0,04127409;0,947975014;1;0;1,01084767;1
15;23.02.2016;3_33_2;Aberema adenophora;ABEADE;sonne;0,2;46,1;2,6;412,071078;64,87800431;15,4135444;;;;299,6015502;3,416;-30,076;2,638535142;50,17752148;151,0202421;0,001254378;1835,63904;128,0121268;0,178036802;0,97638972;2;0;1,01084767;1
17;27.02.2016;0_17_17 (S5);Anacardium excelsium;ANAEXC;schatten;;42;;0;;;;;;;;;;;;;;;;;;;2,71882273;3
18;11.02.2016;13_31_3;Anacardium excelsium;ANAEXC;schatten;0,1;41,3;4,54;292,04244;51,72441775;19,33322874;2,336745583;0,098862131;0,137795976;442,9112092;3,367;-32,445;1,925180492;46,69759328;56,43643558;0,004494645;512,2951552;56,36982242;0,204317018;0,990449621;2;0;2,71882273;3
19;12.02.2016;16_13_4;Anacardium excelsium;ANAEXC;schatten;0,12;42;3;332,926829;58,04054853;17,22933407;3,365357015;0,080430011;0,126991352;472,1948762;1,991;-32,992;1,44450637;46,21204184;73,2579755;0,005172237;445,1816694;73,22668273;0,295835184;0,989406289;2;0;2,71882273;3
20;12.02.2016;16_14_6;Anacardium excelsium;ANAEXC;schatten;0,22;55,7;6;412,844037;44,73579791;22,35346292;2,161113512;0,100225044;0,126849545;675,699231;2,382;-30,591;1,2091515;44,02674444;47,07772076;0,005806205;396,5731436;47,06995093;0,207353331;0,991728978;2;0;2,71882273;3
21;27.02.2016;19_42_4;Anacardium excelsium;ANAEXC;schatten;;43,7;;0;;;;;;;;;;;;;;;;;;;2,71882273;3
22;11.02.2016;9_43_7;Anacardium excelsium;ANAEXC;schatten;0,11;48,7;3,68;408,57304;90,28470878;11,07607272;2,281712393;0,08919611;0,110740123;594,5191473;1,02;-31,23;1,128573929;43,34213716;23,10794143;0,010015975;229,8912568;23,10793453;0,146205743;0,976953206;2;1;2,71882273;3
23;27.02.2016;0_17_17 (S5);Anacardium excelsium;ANAEXC;sonne;;36;;0;;;;;;;;;;;;;;;;;;;2,71882273;3
24;27.02.2016;0_6_16 (S3);Anacardium excelsium;ANAEXC;sonne;;34,7;;0;;;;;;;;;;;;;;;;;;;2,71882273;3
25;27.02.2016;10_6_12;Anacardium excelsium;ANAEXC;sonne;;37,5;;0;;;;;;;;;;;;;;;;;;;2,71882273;3
26;14.02.2016;13_32_7;Anacardium excelsium;ANAEXC;sonne;0,12;47,7;4,67;383,076923;85,35272928;11,71608698;;;;720,0352492;3,894;-28,666;1,610227321;40,71352111;79,4823183;0,003457508;665,966764;79,03778339;0,232335674;0,997601656;2;0;2,71882273;3
27;27.02.2016;19_40_3 ;Anacardium excelsium;ANAEXC;sonne;;42;;0;;;;;;;;;;;152,1312141;0,001763998;1305,321983;141,3398444;0,246022357;0,990141137;2;;2,71882273;3
28;14.02.2016;19_42_4;Anacardium excelsium;ANAEXC;sonne;0,11;50,3;4,72;320,118343;81,98206539;12,19778979;;;;737,8908895;3,221;-29,715;1,593028134;46,76811202;32,3167194;0,003280557;701,8883974;32,08103254;0,090382471;0,966987081;2;0;2,71882273;3
231;2015;09_1/3;Anacardium excelsum;ANAEXC;sonne;0,21;45,4;3,93;342,944716;;11,56;;;;781,7071484;4,215;-28,933;2,13;47,8;117,0740822;0,001470006;1566,377597;104,1667271;0,160047968;0,993508243;;;2,71882273;3
233;2015;12 Ae (AP);Anacardium excelsum;ANAEXC;sonne;0,25;44,3;4,6;374,46379;;8,79;;;;553,71;2,38;-28,422;1,74;46,52;93,27109737;0,002389334;963,6934269;90,68148069;0,198231529;0,973095864;;;2,71882273;3
235;2015;13_2/5;Anacardium excelsum;ANAEXC;sonne;0,12;44;3,01;0;;9,15;;;;;;;;;;;;;;;;;2,71882273;3
234;2015;23_AP;Anacardium excelsum;ANAEXC;sonne;0,24;42,4;5,45;414,957507;;8,14;;;;;;;;;;;;;;;;;2,71882273;3
232;2015;30_AP;Anacardium excelsum;ANAEXC;sonne;0,21;40,4;4,11;402,927493;;9,08;;;;;3,368;-29,832;1,59;46,92;;;;;;;;;2,71882273;3
31;10.02.2016;12_23_14;Aspidosperma spruceanum;ASPSPR;schatten;0,18;60,2;4,74;410,728583;75,5976869;13,22791796;2,858605453;0,05171515;0,053070431;569,3398265;0,721;-31,993;1,984691289;49,15341646;;;;;;;;;0,49838495;2
32;23.02.2016;12_23_14;Aspidosperma spruceanum;ASPSPR;schatten;;;;0;;;;;;;;;;;87,54210571;0,001979986;1162,930206;83,05080907;0,157250981;0,982753844;2;0;0,49838495;2
33;10.02.2016;12_23_9;Aspidosperma spruceanum;ASPSPR;schatten;0,21;66,8;4,46;419,263456;100,9624294;9,904674502;2,539058995;0,078122542;0,109346643;571,8897655;1,838;-28,69;1,842091203;49,74666067;98,47460605;0,002710067;849,641482;96,78465655;0,23376748;0,989800763;2;0;0,49838495;2
34;10.02.2016;12_26_10;Aspidosperma spruceanum;ASPSPR;schatten;0,25;52,2;7,61;407,624633;98,20489532;10,18279177;2,814062197;0,052477462;0,059785397;550,2049531;2,708;-30,366;1,600719022;47,07432114;30,50972943;0,004331913;531,5399986;30,46376208;0,107261095;0,993918632;2;0;0,49838495;2
35;09.02.2016;5_60_2;Aspidosperma spruceanum;ASPSPR;schatten;0,25;64,4;5,12;397,014925;89,17878425;11,21342939;2,084281772;0,108345817;0,128645126;378,0578197;;;;;;;;;;;;;0,49838495;2
36;23.02.2016;5_60_2;Aspidosperma spruceanum;ASPSPR;schatten;;;;0;;;;;;;;;;;54,90279446;0,0031799;724,106184;54,43712789;0,149549678;0,992907657;2;0;0,49838495;2
37;25.02.2016;19_40_3;Aspidosperma spruceanum;ASPSPR;sonne;0,25;47,9;5,65;387,52784;90,21323225;11,08484837;;;;511,6766753;3,343;-29,649;1,914160678;49,00227499;140,3514894;0,000367954;6257,812406;59,53189853;0,050704285;0,977873083;0;0;0,49838495;2
38;25.02.2016;20_17_4;Aspidosperma spruceanum;ASPSPR;sonne;0,21;42,2;5,48;309,28382;71,7294984;13,94126576;;;;677,0924253;2,842;-27,49;1,784299656;48,99722074;81,82260473;0,001188399;1937,552639;68,0599953;0,09168225;0,981063863;1;0;0,49838495;2
39;27.02.2016;4_49_5;Aspidosperma spruceanum;ASPSPR;sonne;;59,8;;0;;;;;;;;;;;183,1064408;0,000827396;2782,931393;130,1762295;0,145403217;0,994975975;2;;0,49838495;2
40;27.02.2016;4_51_2;Aspidosperma spruceanum;ASPSPR;sonne;;41,5;;0;;;;;;;;;;;31,48782686;0,001256603;1832,389357;26,70659974;0,037182582;0,988884061;2;;0,49838495;2
43;10.02.2016;11_17_6;Astronium graveolens;ASTGRA;schatten;0,07;46,5;2,27;397,364217;42,6872452;23,42620132;2,316284314;0,15265092;0,244394407;941,7047159;4,609;-30,792;3,536429127;46,02926222;87,41322263;0,002355329;977,6066422;84,85924157;0,183436926;0,991446304;2;0;1,63780168;3
44;10.02.2016;11_19_3;Astronium graveolens;ASTGRA;schatten;0,06;54,5;1,84;431,322674;57,99248653;17,24361309;2,040346007;0,112939675;0,130400913;1462,733014;2,359;-32,818;3,228891273;47,30892081;124,004221;0,001664244;1383,562257;113,7882764;0,190114803;0,956605342;2;0;1,63780168;3
45;10.02.2016;12_22_10;Astronium graveolens;ASTGRA;schatten;0,06;52;2,27;429,79746;50,70609139;19,72149642;2,539058995;0,078122542;0,109346643;1181,482482;4,749;-30,943;2,904210514;45,08372073;69,11346687;0,002570558;895,7531463;67,65130928;0,15666289;0,991317652;2;0;1,63780168;3
46;10.02.2016;12_25_11;Astronium graveolens;ASTGRA;schatten;0,11;60;2,57;513,930348;69,64368722;14,35880322;2,814062197;0,052477462;0,059785397;1447,334205;4,812;-30,574;2,316473727;43,72274294;49,9808219;0,003944377;583,7639397;49,84615167;0,162908015;0,994065509;2;0;1,63780168;3
47;10.02.2016;12_23_13;Astronium graveolens;ASTGRA;sonne;0,24;43,3;1,73;411,022887;49,9242437;20,0303485;;;;1159,956627;5,627;-28,101;3,048937075;47,5927023;68,48099029;0,002443685;942,2591915;66,72851719;0,148467516;0,990569143;2;0;1,63780168;3
48;23.02.2016;12_25_11;Astronium graveolens;ASTGRA;sonne;0,11;33,4;2,04;364,230298;46,52731435;21,49275139;;;;1238,548614;4,457;-29,583;2,920001967;48,27928601;122,382782;0,000798435;2883,871641;85,43518357;0,093915577;0,980455008;2;0;1,63780168;3
51;20.02.2016;17_23_4;Bombacopsis sessilis;BOMSES;sonne;0,22;45,5;3,18;409,703504;74,40814768;13,43938844;;;;;1,918;-30,44;2,504996119;44,99921746;79,8322358;0,003914714;588,1873304;79,60734569;0,258607431;0,996142791;2;0;;
52;17.02.2016;22_9_11;Bombacopsis sessilis;BOMSES;sonne;0,2;52,6;2,79;419,338422;100,6235082;9,938035538;;;;;1,187;-30,92;1,501841183;39,41811226;116,2850803;0,001730178;1330,836886;107,6071997;0,184750691;0,997433814;2;0;;
53;19.02.2016;51_5_5;Bombacopsis sessilis;BOMSES;sonne;0,22;31,6;1,06;375,132275;87,52393731;11,42544578;;;;;3,879;-28,505;2,286121669;43,92303743;144,937564;0,001586316;1451,529745;131,5164543;0,212607975;0,998939343;2;0;;
54;22.02.2016;0_27_1 (S3);Brosimum utile;BROUTI;schatten;0,19;54,8;5,17;323,604456;58,26640855;17,16254743;2,192;0,098;0,114;684,5427856;;;;;38,32897358;0,004484703;513,4309129;38,28305329;0,138519268;0,984189109;2;0;0,41903743;1
55;18.02.2016;10_10_11;Brosimum utile;BROUTI;schatten;0,16;42,8;4,84;304,678363;48,51041651;20,61412933;2,278;0,091;0,118;527,4902681;1,627;-30,756;1,804324941;46,73858757;56,31359703;0,003378677;681,5048595;55,9591088;0,161456929;0,993076999;2;0;0,41903743;1
56;10.02.2016;10_11_14;Brosimum utile;BROUTI;schatten;0,21;52;5,47;368,52086;73,82397358;13,54573523;2,002222279;0,120642808;0,142185365;;1,426;-32,351;1,989757729;45,40876858;55,15072678;0,003126367;736,5051602;54,64384622;0,148071066;0,994563388;2;0;0,41903743;1
57;09.02.2016;2_23_7;Brosimum utile;BROUTI;schatten;0,22;50,8;4,21;411,83432;72,03795187;13,88157178;2,29253169;0,092978357;0,119520017;311,2488068;0,318;-29,827;1,540803567;45,76677917;40,57669888;0,00501909;458,7654629;40,55489006;0,160126243;0,977816451;2;0;0,41903743;1
58;09.02.2016;2_28_4;Brosimum utile;BROUTI;schatten;0,21;53,4;5,69;379,184862;75,55588703;13,23523605;2,29253169;0,092978357;0,119520017;671,2798677;3,109;-30,81;2,082905988;49,48844417;40,13095601;0,003967334;580,3860262;40,02648573;0,13142354;0,964587846;2;0;0,41903743;1
59;27.02.2016;0_18_16 (S6);Brosimum utile;BROUTI;sonne;;39;;0;;;;;;;;;;;79,91582947;0,000816659;2819,51783;56,43967522;0,06267016;0,97893638;1;;0,41903743;1
236;2015;10_2/3;Brosimum utile;BROUTI;sonne;0,25;34,6;5,3;368,785656;;11,49;;;;554,4806186;;;;;;;;;;;;;0,41903743;1
237;2015;10_5/3;Brosimum utile;BROUTI;sonne;0,22;46,9;5,82;325,75531;;17,35;;;;;;;;;;;;;;;;;0,41903743;1
60;09.02.2016;2_26_7;Brosimum utile;BROUTI;sonne;0,23;42,9;5,19;405,8653;89,74664253;11,14247811;;;;899,2789695;2,063;-28,722;2,731767007;47,58042329;;;;;;;;;0,41903743;1
61;27.02.2016;2_26_7;Brosimum utile;BROUTI;sonne;;;;0;;;;;;;;;;;121,4169529;0,000942202;2443,833715;91,87157053;0,109175286;0,997843967;2;;0,41903743;1
62;06.02.2016;22_7_16;Brosimum utile;BROUTI;sonne;0,15;42,4;5,19;487,002653;86,61816129;11,54492297;;;;775,369675;4,215;-29,788;2,275871276;48,03790591;28,55677705;0,00194342;1184,810816;27,00908594;0,050438048;0,971025373;2;0;0,41903743;1
63;27.02.2016;22_9_13;Brosimum utile;BROUTI;sonne;;33,2;;0;;;;;;;;;;;91,04367495;0,000966229;2383,062449;69,67352305;0,0838528;0,989518195;2;;0,41903743;1
64;06.02.2016;20_14_14;Buchenavia costaricensis;BUCCOS;sonne;0,2;48,8;2,72;335;56,94908055;17,55954601;;;;;3,496;-27,141;2,400557907;44,65206344;83,91535522;0,002162635;1064,712795;80,64186683;0,163196046;0,998191382;2;0;1,3326881;
65;04.02.2016;6_10_9;Bursera simaruba;BURSIM;sonne;0,24;30,3;2,39;268,252666;64,49618042;15,50479414;;;;;7,591;-32,946;1,640891903;46,43187282;107,1313312;0,001971159;1168,137886;101,5617631;0,191662781;0,999706019;2;0;1,89274497;
66;04.02.2016;7_20_10;Bursera simaruba;BURSIM;sonne;0,14;41,8;3,07;0;109,9416569;9,095733396;;;;;3,293;-31,345;2,061514956;47,96618387;83,38531469;0,001890073;1218,252196;78,4895851;0,143605774;0,994063682;2;0;1,89274497;
67;27.02.2016;11_14_4;Calophyllum brasiliense;CALBRA;schatten;;38,7;;0;;;;;;;;;;;49,36616932;0,003740255;615,6224111;49,18550559;0,154042523;0,998674664;2;;1,17931601;2
68;10.02.2016;11_15_7;Calophyllum brasiliense;CALBRA;schatten;0,15;62,9;5,34;412,677878;82,61296524;12,10463754;2,580407159;0,067817472;0,085288308;323,8106657;2,151;-30,545;1,339723706;50,10559127;49,10971894;0,002785551;826,6174916;48,35715505;0,119397233;0,986061106;2;0;1,17931601;2
69;10.02.2016;12_22_14;Calophyllum brasiliense;CALBRA;schatten;0,14;58,4;3,18;381,50289;66,11679615;15,12474981;2,858605453;0,05171515;0,053070431;329,6380131;0,961;-31,545;1,45042961;51,28663499;56,38648921;0,004807267;478,9801124;56,34484822;0,215208108;0,996311499;2;0;1,17931601;2
70;12.02.2016;18_32_2;Calophyllum brasiliense;CALBRA;schatten;0,27;62,4;7,63;415,463918;98,77861226;10,12364901;2,010567309;0,184458637;0,286151557;416,2769473;1,731;-30,953;1,316579505;49,78282617;85,14441985;0,003470861;663,4045001;84,67766134;0,249690741;0,994300505;2;0;1,17931601;2
71;27.02.2016;18_32_7;Calophyllum brasiliense;CALBRA;schatten;;47,2;;0;;;2,33;0,108;0,151;;;;;;42,75514358;0,006410016;359,2167658;42,75229101;0,202332487;0,990844796;2;;1,17931601;2
72;12.02.2016;18_34_6;Calophyllum brasiliense;CALBRA;schatten;0,21;58,4;4,95;520,624303;118,1167924;8,466196717;3,094;0,125;0,197;303,1648579;;;;;;;;;;;;;1,17931601;2
73;27.02.2016;18_34_6;Calophyllum brasiliense;CALBRA;schatten;;;;0;;;;;;;;;;;49,05518944;0,004871908;472,6249332;49,02231026;0,189181428;0,993956007;2;;1,17931601;2
239;2015;05_5/7 (AP);Calophyllum brasiliense;CALBRA;sonne;0,44;41,6;1,31;364,663891;;6,33;;;;;;;;;161,8381374;0,001612179;1428,243796;147,4222957;0,240966356;0,98579566;;;1,17931601;2
74;10.02.2016;12_27_12;Calophyllum brasiliense;CALBRA;sonne;0,18;54,8;4,6;396,153846;83,67101963;11,95156943;;;;420,9526737;2,496;-29,859;1,815656748;52,72868925;90,84258616;0,002393192;962,1397019;88,33495111;0,193346113;0,995806957;2;0;1,17931601;2
78;2015;18_02_03;Calophyllum brasiliense;CALBRA;sonne;;;;0;;;;;;;;;;;;;;;;;;;1,17931601;2
238;2015;18_2/3;Calophyllum brasiliense;CALBRA;sonne;0,25;40,7;5,14;234,042553;;16,96;;;;478,6089869;;;;;;;;;;;;;1,17931601;2
240;2015;20_1/2;Calophyllum brasiliense;CALBRA;sonne;0,26;44,1;5,4;405,159332;;9,63;;;;;;;;;;;;;;;;;1,17931601;2
75;25.02.2016;20_13_10;Calophyllum brasiliense;CALBRA;sonne;0,22;40,8;4,38;445,266272;107,5527213;9,297765672;;;;475,5624028;4,039;-28,938;1,255965283;51,65201363;93,67583412;0,001362952;1689,410838;81,54909392;0,119357019;0,996013146;2;0;1,17931601;2
76;25.02.2016;20_14_13;Calophyllum brasiliense;CALBRA;sonne;0,21;40,1;5,61;366,998578;81,77407881;12,228814;;;;463,2639894;3,543;-28,892;1,744782073;50,72309178;71,07469557;0,002682294;858,4388313;69,80307671;0,167215764;0,997465937;2;0;1,17931601;2
77;27.02.2016;20_16_12;Calophyllum brasiliense;CALBRA;sonne;;46,8;;0;;;;;;;;;;;97,70181306;0,001913046;1203,622245;92,15983963;0,170117458;0,99730814;2;;1,17931601;2
79;27.02.2016;3_34_4;Calophyllum longifolium;CALLON;schatten;;50,4;;0;;;1,629328363;0,187733705;0,269965711;;;;;;61,96306844;0,00365128;630,6240295;61,70392716;0,189540206;0,998393875;2;;0,9472959;2
80;11.02.2016;9_41_4;Calophyllum longifolium;CALLON;schatten;0,25;51,8;6,15;357,107232;112,4047413;8,896421881;2,001368143;0,120594502;0,15702038;305,9444671;1,193;-33,143;1,641342063;50,05351692;87,37147645;0,003194755;720,739127;86,64675214;0,238934789;0,999539562;2;0;0,9472959;2
81;15.02.2016;9_42_8;Calophyllum longifolium;CALLON;schatten;0,27;50,2;6,46;324,428571;96,242786;10,39038916;2,251;0,091;0,113;199,4814023;2,909;-34,146;1,355654018;48,64639795;75,61539477;0,003898943;590,5664943;75,39728451;0,244140602;0,994531518;2;0;0,9472959;2
82;11.02.2016;9_44_5;Calophyllum longifolium;CALLON;schatten;0,37;60,6;5,13;307,223114;111,7326036;8,949939123;2,238035376;0,096753812;0,092355415;262,3432984;1,315;-31,358;1,200511081;48,10693161;52,46566143;0,005111934;450,4332566;52,44112857;0,209978399;0,949722085;1;0;0,9472959;2
83;11.02.2016;9_45_5;Calophyllum longifolium;CALLON;schatten;0,34;58,9;4,4;378,232406;155,0203919;6,450764237;2,238035376;0,096753812;0,092355415;402,8629584;0,114;-30,736;1,422962598;49,11875796;164,1476563;0,001688645;1363,569929;151,1105534;0,255047097;0,995816494;2;0;0,9472959;2
241;2015;03_6/2;Calophyllum longifolium;CALLON;sonne;0,45;34,3;3,45;261,815454;;9,18;;;;398,36;0,581;-28,47;1,48;49,09;;;;;;;;;0,9472959;2
242;2015;09_5/3;Calophyllum longifolium;CALLON;sonne;0,43;45,2;6,97;339,72468;;7,53;;;;285,62;2,669;-30,925;1,44;48,66;143,3322023;0,001734757;1327,323927;132,709124;0,228274389;0,993015377;;;0,9472959;2
243;2015;20_1/6a;Calophyllum longifolium;CALLON;sonne;;53,9;2,78;0;;6,63;;;;;2,765;-30,61;1,64;48,08;123,3011403;0,001717859;1340,380871;113,9280632;0,194619166;0,991439283;;;0,9472959;2
244;2015;20_1/6b;Calophyllum longifolium;CALLON;sonne;0,45;48,9;7,28;359,073359;;6,63;;;;;2,598;-30,348;1,47;48,27;;;;;;;;;0,9472959;2
84;27.02.2016;20_13_4;Calophyllum longifolium;CALLON;sonne;;45,1;;0;;;;;;;;;;;125,8565147;0,001923309;1197,19956;118,8265726;0,220206372;0,991143319;2;;0,9472959;2
85;25.02.2016;20_15_12;Calophyllum longifolium;CALLON;sonne;0,48;44,5;5,83;388,790709;185,2329782;5,398606714;;;;356,5784943;3,63;-29,263;0,907657592;50,61796812;92,00899525;0,002208591;1042,558513;88,65886169;0,18233453;0,996174379;2;0;0,9472959;2
86;25.02.2016;20_16_11;Calophyllum longifolium;CALLON;sonne;0,595;52;6,33;355,957563;174,5051065;5,730491331;;;;382,2814508;-0,527;-29,551;1,4317911;49,3369687;165,2279131;0,001394118;1651,642315;144,8154005;0,21501158;0,994208095;2;0;0,9472959;2
245;2015;27_2/4;Calophyllum longifolium;CALLON;sonne;0,48;50,6;5,52;353,187043;;;;;;;;;;;108,9031912;0,001881236;1223,974349;102,4239413;0,186755617;0,996604035;;;0,9472959;2
89;11.02.2016;13_31_4;Carapa guianensis;CARGUI;schatten;0,12;72,6;5,3;461,538462;86,62111602;11,54452916;2,336;0,092;0,123;565,6320826;2,884;-33,306;1,908944174;45,24986016;;;;;;;;;1,032125817;2
90;23.02.2016;13_31_4;Carapa guianensis;CARGUI;schatten;;;;0;;;;;;;;;;;42,10419884;0,00544196;423,1168555;42,09219817;0,176707891;0,989201564;2;0;1,032125817;2
91;20.02.2016;13_31_5;Carapa guianensis;CARGUI;schatten;0,23;71,6;6;514,628499;144,1438842;6,937512512;2,336;0,092;0,123;932,9072379;1,742;-28,951;2,491151221;49,68848327;53,56904223;0,002375312;969,3819655;52,05011762;0,113259822;0,997257375;2;0;1,032125817;2
92;23.02.2016;13_32_1;Carapa guianensis;CARGUI;schatten;;67,5;;0;;;;;;;;;;;42,5026926;0,003124711;736,8953662;42,11108664;0,114061599;0,994341593;2;0;1,032125817;2
93;11.02.2016;13_32_9;Carapa guianensis;CARGUI;schatten;0,14;68,8;5,65;0;83,95229714;11,91152636;2,642337623;0,081586462;0,114394056;775,1495483;4,811;-32,463;1,831879389;46,14515901;32,22279785;0,006358243;362,1417036;32,22047438;0,151608644;0,927539648;1;1;1,032125817;2
94;11.02.2016;13_34_5;Carapa guianensis;CARGUI;schatten;0,13;70,8;5,88;610,675039;120,2857828;8,313534455;2,422435614;0,087377557;0,119603213;1130,114604;2,416;-32,096;1,452624307;44,34911436;34,9027595;0,007874257;292,4193398;34,90250054;0,190214935;0,941730575;0;0;1,032125817;2
95;23.02.2016;19_41_3;Carapa guianensis;CARGUI;schatten;0,14;57,3;6,16;449,404117;99,5824529;10,04192979;1,873681724;0,151563509;0,222797864;;2,872;-32,193;1,565942558;44,50943922;47,8440714;0,003351665;686,9974409;47,53044409;0,136250819;0,997727041;2;0;1,032125817;2
96;25.02.2016;0_30_6 (S1);Carapa guianensis;CARGUI;sonne;0,21;59,7;8,1;455,497382;112,9940892;8,850020448;;;;1075,009284;2,301;-31,915;1,613332058;46,5549624;54,93065104;0,002845203;809,2868608;54,16093408;0,136021964;0,99336196;2;0;1,032125817;2
97;19.02.2016;51_4_6;Carapa guianensis;CARGUI;sonne;0,17;45,7;5,44;483,463035;111,3810336;8,978189263;;;;1199,521112;2,456;-31,978;1,224605213;42,53578483;37,67028981;0,002164765;1063,665261;36,20548127;0,073324662;0,95331422;2;0;1,032125817;2
98;19.02.2016;51_5_9;Carapa guianensis;CARGUI;sonne;0,2;49,5;6,85;496,924496;120,7184271;8,283739478;;;;966,08;2,228;-30,877;1,094755353;45,92365501;55,62325663;0,001303867;1765,966257;47,75528003;0,067996128;0,991557488;2;0;1,032125817;2
99;19.02.2016;51_8_9;Carapa guianensis;CARGUI;sonne;0,18;47,8;6,4;493,566227;111,2870097;8,985774738;;;;1086,379638;1,725;-30,754;1,253320721;46,92422634;46,04838095;0,002359925;975,7028244;44,71221309;0,096799854;0,980602245;2;0;1,032125817;2
100;06.02.2016;21_9_7;Castilla tunu;CASTUN;sonne;0,16;45,1;2,46;382,222222;76,39023432;13,09067853;;;;;1,58;-31,311;2,198316254;42,79080011;72,55408629;0,003041501;757,0556186;71,79672779;0,19027298;0,987893467;2;0;0,675054507;
101;17.02.2016;24_15_11;Castilla tunu;CASTUN;sonne;0,27;34,7;1,33;410,623557;123,237706;8,114399661;;;;;1,985;-28,627;1,718002253;;90,11335861;0,001922606;1197,637812;85,07459818;0,1576156;0,9970541;2;0;0,675054507;
102;18.02.2016;;Cecropia obtusifolia;CECOBT;schatten;0,26;48;1,63;293,969849;;;;;;;-1,421;-32,162;2,99089806;43,2169132;100,1300446;0,002995664;768,6392383;99,0104424;0,259197144;0,996996077;2;0;0;
103;22.02.2016;6_10_7;Cedrela odorata;CEDODO;sonne;0,19;56,8;2,3;365,339578;69,46027702;14,39671771;;;;;6,654;-30,89;3,653712888;49,60928277;141,559404;0,001396281;1649,083897;124,1275815;0,18447798;0,998813848;2;0;1,620665053;
104;04.02.2016;0_19_12 (S2);Cojoba arborea;COJARB;sonne;0,04;50,8;3,1;390,634627;39,41543403;25,37077225;;;;;1,886;-28,422;2,928445473;52,06966441;61,78242445;0,003858895;596,695391;61,5931816;0,197799139;0,926006792;1;1;1,964220371;
105;07.02.2016;15_6_2;Cojoba arborea;COJARB;sonne;0,07;52,8;;0;;;;;;;3,122;-30,393;3,011899238;48,88832173;40,92783548;0,002739718;840,4461163;40,25601635;0,098082109;0,97905615;2;0;1,964220371;
106;07.02.2016;15_7_5;Cojoba arborea;COJARB;sonne;0,13;48,5;;430;49,10383076;20,36500991;;;;;1,468;-27,045;2,711107769;49,35730296;67,31371362;0,002704157;851,4983155;66,14823883;0,159491614;0,9927043;2;0;1,964220371;
107;22.02.2016;17_24_4;Cojoba arborea;COJARB;sonne;0,07;45,3;;488,296224;73,22124188;13,657239;;;;;2,996;-28,695;2,498962101;50,37360141;83,15858987;0,001995825;1153,700978;78,9923571;0,150456628;0,998417013;2;0;1,964220371;
108;19.02.2016;23_15_2;Cojoba arborea;COJARB;sonne;0,08;39,9;1,775;480,19682;53,59201185;18,65949729;;;;;-0,358;-29,093;2,511264814;46,40599692;101,9400561;0,001446736;1591,572948;90,3019852;0,137308439;0,999061978;2;0;1,964220371;
109;09.02.2016;2_24_3;Croton schiedeanus;CROSCH;schatten;0,16;52,4;1,01;365,497076;60,30959773;16,58110877;2,414682325;0,088303468;0,086366503;769,1657578;-0,516;-32,8;1,822132448;42,12570494;;;;;;;;;2,052458565;3
110;23.02.2016;2_24_3;Croton schiedeanus;CROSCH;schatten;;;;0;;;;;;;;;;;57,74752472;0,003096617;743,5808872;57,19255669;0,153784467;0,994323223;2;0;2,052458565;3
111;09.02.2016;2_25_6;Croton schiedeanus;CROSCH;schatten;0,19;59,4;1,04;330,963303;69,4118604;14,4067598;2,33108483;0,090425389;0,104170555;801,1501705;0,381;-32,155;1,685385008;42,43108409;;;;;;;;;2,052458565;3
112;23.02.2016;2_25_6;Croton schiedeanus;CROSCH;schatten;;;;0;;;;;;;;;;;36,98581505;0,005936622;387,8611488;36,98079542;0,16558515;0,989906187;2;0;2,052458565;3
113;09.02.2016;2_27_3;Croton schiedeanus;CROSCH;schatten;0,13;59,6;1,92;365,423729;72,61995942;13,7703189;2,635434083;0,071746362;0,06799025;1342,653202;1,599;-31,456;1,900350577;45,83707815;;;;;;;;;2,052458565;3
114;23.02.2016;2_27_3;Croton schiedeanus;CROSCH;schatten;;;;0;;;;;;;;;;;47,16270169;0,004077301;564,7326402;47,05859599;0,157920361;0,994152653;2;0;2,052458565;3
115;23.02.2016;3_32_3;Croton schiedeanus;CROSCH;schatten;0,18;61,4;2,23;366,102605;63,21732418;15,81844871;2,475305188;0,079672532;0,083660448;831,1275442;1,523;-31,212;2,510469947;42,88363491;40,85661653;0,003477028;662,2279529;40,63470425;0,119992302;0,990482244;2;0;2,052458565;3
116;09.02.2016;3_36_6;Croton schiedeanus;CROSCH;schatten;0,19;44;1,36;316,254417;61,30735093;16,3112577;2,584192998;0,065984911;0,074098528;;0,574;-32,208;1,482251085;40,80310495;18,52221948;0,012352744;186,4027139;18,52221931;0,131367924;0,967134856;1;0;2,052458565;3
117;23.02.2016;2_24_3;Croton schiedeanus;CROSCH;sonne;0,23;59,2;1,38;313,499112;55,03000488;18,17190462;;;;1180,299665;2,874;-32,039;3,484498393;47,30753185;104,4339321;0,001928012;1194,27916;98,64159435;0,183129223;0,995956205;2;0;2,052458565;3
118;23.02.2016;2_25_6;Croton schiedeanus;CROSCH;sonne;0,18;63,4;1,64;343,054655;61,33697589;16,30337958;;;;763,795952;2,714;-31,779;2,758149964;44,03436585;89,40249457;0,002188301;1052,224803;86,04667384;0,175713294;0,985487398;2;0;2,052458565;3
119;23.02.2016;2_27_3;Croton schiedeanus;CROSCH;sonne;0,15;67,8;2,46;380,084151;65,89059702;15,17667232;;;;1283,151596;3,171;-31,545;3,581523526;47,47355696;130,0179444;0,001294518;1778,720364;111,3670176;0,157871745;0,991131254;2;0;2,052458565;3
120;23.02.2016;3_32_3;Croton schiedeanus;CROSCH;sonne;0,21;52,3;1,8;355,144734;67,47540663;14,8202145;;;;1241,968525;3,287;-31,022;2,853182112;45,08299049;74,58177632;0,00169201;1360,858132;68,68808968;0,116094587;0,992853955;2;0;2,052458565;3
121;18.02.2016;0_13_11 (S3);Diphysia americana;DIPAME;schatten;0,05;58,8;1,433333333;308,056872;31,05458669;32,2013624;3,758;0,083;0,14;;1,094;-31,869;3,678914615;44,47602816;134,5474082;0,002678526;859,6462526;132,1265378;0,316158808;0,958284509;2;0;1,241061021;1
122;15.02.2016;0_16_8 (s2);Diphysia americana;DIPAME;schatten;0,1;61,3;1,66;241,37931;21,12633146;47,33429473;2,076;0,112;0,15;381,870837;;;;;80,63794918;0,00503276;457,5193529;80,59548823;0,318885256;0,916557333;1;0;1,241061021;1
123;22.02.2016;0_38_1 (S1);Diphysia americana;DIPAME;schatten;0,06;42,8;1,844444444;320,754717;23,85827912;41,91417139;2,214;0,108;0,153;356,700629;-1,966;-33,617;4,486831277;45,64447613;151,835968;0,002258347;1019,588704;146,7050721;0,306936447;0,92399976;1;0;1,241061021;1
124;20.02.2016;0_52_2 (S3);Diphysia americana;DIPAME;schatten;0,05;54,9;1,454545455;364,864865;22,61945077;44,20973834;;;;199,1206805;-2,33;-33,023;4,530493972;45,64558662;60,31574533;0,002646438;870,0696871;59,17698885;0,140246586;0,998636158;2;0;1,241061021;1
125;12.02.2016;17_25_5;Diphysia americana;DIPAME;schatten;0,08;67,4;2,07;467,836257;39,43777368;25,3564009;2,387;0,114;0,179;;6,206;-31,669;4,25302882;46,30962104;35,93261481;0,004749031;484,853629;35,90365661;0,13584494;0,970773918;2;0;1,241061021;1
126;11.02.2016;8_36_8;Diphysia americana;DIPAME;schatten;0,02;58,6;1,744444444;313,953488;29,84100601;33,51093457;2,184099316;0,152324425;0,247033399;333,2605575;7,121;-33,287;4,95079449;47,25955218;133,8351704;0,0012776;1802,273505;114,1432467;0,160515818;0,960332666;2;0;1,241061021;1
127;23.02.2016;0_13_3 (S4);Diphysia americana;DIPAME;sonne;0,15;62,3;5,75;335,731415;51,13148724;19,55742056;;;;588,8302183;5,618;-30,896;4,148019674;44,4483264;426,9377479;0,000680678;3382,782678;273,1426008;0,280937202;0,996605741;1;0;1,241061021;1
128;22.02.2016;0_5_8 (S4);Diphysia americana;DIPAME;sonne;0,12;67,3;4,1;337,837838;59,61168258;16,77523527;;;;526,3965821;-2,07;-31,636;4,149596766;46,23333034;310,1812827;0,000425249;5414,681038;146,2767516;0,129138865;0,977195906;1;0;1,241061021;1
129;23.02.2016;0_54_6 (S1);Diphysia americana;DIPAME;sonne;0,19;39,9;2,861538462;264,830508;47,83303219;20,90605496;;;;655,8304827;-0,174;-30,357;3,784221471;45,68587545;574,3576655;0,000492812;4672,336226;300,1094049;0,276189195;0,995559938;1;0;1,241061021;1
130;12.02.2016;17_25_5;Diphysia americana;DIPAME;sonne;0,12;56,6;3,009090909;512,5;50,54977746;19,78248076;;;;484,070849;0,476;-30,868;4,278386332;46,71878721;25,75118088;0,00979054;235,184693;25,7511701;0,160773295;0,985735909;2;0;1,241061021;1
131;20.02.2016;14_51_5;Hyeronima alchorneoides;HYEALC;schatten;0,2;48,1;2,23;256,208359;50,96754782;19,62032789;2,358;0,083;0,099;253,2406603;2,093;-32,686;2,413198731;47,32136469;66,07098807;0,002293594;1003,920261;63,95326956;0,135417264;0,990017397;2;0;1,906100019;3
132;20.02.2016;14_54_8;Hyeronima alchorneoides;HYEALC;schatten;0,23;56,4;2,15;267,357402;69,91139749;14,30381935;2,517;0,073;0,094;417,1618728;2,776;-30,203;2,296141977;46,56491731;56,89076136;0,004156992;553,9066027;56,77933088;0,193497564;0,96367725;1;0;1,906100019;3
133;20.02.2016;14_55_4;Hyeronima alchorneoides;HYEALC;schatten;0,19;51,1;3,4;238,696468;52,66739924;18,98707767;2,006786322;0,117774839;0,148836155;262,711861;7,084;-32,906;2,426686427;44,50989822;78,89994727;0,00340179;676,8744664;78,42020445;0,227513603;0,992557249;2;0;1,906100019;3
134;20.02.2016;15_54_6;Hyeronima alchorneoides;HYEALC;schatten;0,22;43,1;1,64;240,86629;49,68295362;20,12762783;2,577412851;0,070205186;0,092515375;233,0279184;3,432;-31,855;2,198299915;44,486395;79,328902;0,002493554;923,4150499;77,4451381;0,175076525;0,988758788;2;0;1,906100019;3
135;09.02.2016;5_57_4;Hyeronima alchorneoides;HYEALC;schatten;0,22;43,4;2,89;234,146341;41,78177947;23,9338777;2,043901153;0,120427111;0,161799721;;2,13;-32,669;2,611105493;47,07862718;60,7257635;0,003441311;669,1011981;60,37777921;0,176811552;0,99428067;2;0;1,906100019;3
136;11.02.2016;7_17_5;Hyeronima alchorneoides;HYEALC;schatten;0,16;55,3;2,5;241,411936;54,92667521;18,20609014;2,108238312;0,107757699;0,139855701;;2,294;-33,481;2,739418744;47,72483057;82,11094022;0,004196058;548,7495347;81,95926539;0,281389386;0,955716789;2;0;1,906100019;3
137;20.02.2016;14_51_5;Hyeronima alchorneoides;HYEALC;sonne;0,34;59,9;2,16;286,782404;82,71031253;12,09039078;;;;351,5747561;3,486;-27,786;2,830676962;48,95209314;118,1172785;0,001611681;1428,685093;107,5880399;0,175818806;0,995173134;2;0;1,906100019;3
138;20.02.2016;14_54_8;Hyeronima alchorneoides;HYEALC;sonne;0,25;61,8;1,72;310,711285;90,66271311;11,02989273;;;;308,9629242;3,487;-27,931;2,921633701;48,73287102;188,8513832;0,001047375;2198,434741;149,6034726;0,187792099;0,984168087;2;0;1,906100019;3
139;20.02.2016;14_55_4;Hyeronima alchorneoides;HYEALC;sonne;0,34;55,3;2,25;260,983689;78,8396781;12,68396858;;;;342,870928;3,807;-28,52;2,71802662;48,67327168;174,0048204;0,001222935;1882,835973;146,2146817;0,200299283;0,997185639;2;0;1,906100019;3
140;20.02.2016;15_54_6;Hyeronima alchorneoides;HYEALC;sonne;0,25;63;1,52;291,810632;80,38951321;12,43943345;;;;251,6418096;4,293;-28,158;2,969040791;47,8836972;127,8231957;0,001349824;1705,841492;110,9468558;0,161400656;0,994008551;2;0;1,906100019;3
141;25.02.2016;16_14_3;Inga oerstediana;INGOER;schatten;0,19;60,2;1,5;454,016298;60,43114274;16,54775923;3,365357015;0,080430011;0,126991352;736,7982854;-0,009;-32,892;3,41773605;48,08544462;75,8473882;0,001723519;1335,978794;70,13038655;0,120079373;0,996763517;2;0;0;3
142;25.02.2016;16_15_5;Inga oerstediana;INGOER;schatten;0,23;52,7;2,91;456,338832;56,06723386;17,8357292;2,529078647;0,080870468;0,115133027;963,7037548;0,299;-34,98;3,248972064;47,94204117;46,35619883;0,003299497;697,8593375;46,02759129;0,130279524;0,979926527;2;0;0;3
143;25.02.2016;16_17_3;Inga oerstediana;INGOER;schatten;0,27;76,1;3,85;511,774523;87,11513268;11,47906189;3,081750594;0,084178696;0,133816574;764,4739558;1,004;-32,072;3,102426348;48,02430402;86,3476179;0,001823243;1262,906159;80,7434175;0,143914686;0,994408997;2;0;0;3
144;25.02.2016;16_18_6;Inga oerstediana;INGOER;schatten;0,21;66,4;4,42;553,26535;71,02239074;14,08006672;2,299804163;0,088665721;0,114677987;;1,618;-33,529;2,778324117;46,98175032;43,54137486;0,003486265;660,4733152;43,30813457;0,128161148;0,988785779;2;0;0;3
145;25.02.2016;16_14_3;Inga oerstediana;INGOER;sonne;0,33;61;3,32;503,159942;89,7385553;11,14348227;;;;844,8433458;1,368;-30,879;3,447823418;47,78519435;56,70562464;0,002587164;890,003479;55,53548021;0,129265047;0,998469683;2;0;0;3
146;25.02.2016;16_15_5;Inga oerstediana;INGOER;sonne;0,26;60,5;2,99;418,957442;61,98459208;16,13304156;;;;913,3253333;0,562;-31,842;3,215198875;46,93667367;74,16222796;0,00157595;1461,077085;67,18724918;0,108131775;0,993388828;2;0;0;3
147;25.02.2016;16_17_3;Inga oerstediana;INGOER;sonne;0,22;66,4;4,27;481,956036;77,2180912;12,95033307;;;;780,7065439;0,661;-31,765;3,805125614;49,15795483;;;;;;;;;0;3
148;25.02.2016;16_18_6;Inga oerstediana;INGOER;sonne;0,2;53,3;3,05;444,379334;69,60022368;14,36776992;;;;;1,196;-30,984;3,527047758;49,10367012;113,1928471;0,001475792;1560,236406;100,8212373;0,155307305;0,999110452;2;0;0;3
149;06.02.2016;22_7_11;Lonchocarpus macrophylla;LONMAC;sonne;0,11;48;4,82;289,220404;60,434866;16,54673976;;;;;0,845;-31,416;2,973768784;46,96396738;129,751942;0,000763312;3016,570944;88,46045538;0,095355627;0,989513539;2;0;1,96207163;
150;04.02.2016;6_9_9;Luehea seemannii;LUESEE;sonne;0,23;57,1;2,93;486,238532;109,8839908;9,100506753;;;;;2,463;-28,209;1,965644447;48,34317931;210,951426;0,001207772;1906,474061;176,48552;0,239996417;0,998492365;2;0;2,424136775;
151;10.02.2016;11_18_3;Minquartia guianensis;MINGUI;schatten;0,12;55,1;4,83;340,640809;47,4369283;21,08062296;2,040346007;0,112939675;0,130400913;336,7508693;3,497;-31,917;2,357700081;56,60229252;55,08873689;0,005228008;440,4326092;55,06709374;0,224289518;0,945089879;1;1;0,305935457;1
152;09.02.2016;5_56_3;Minquartia guianensis;MINGUI;schatten;0,12;46,7;3,59;417,33871;54,6510437;18,29791221;2,146795637;0,101502092;0,125480664;388,7420258;2,896;-32,646;1,759352382;48,80547201;35,13085846;0,004153481;554,3748038;35,06168523;0,119406109;0,986815691;2;0;0,305935457;1
153;09.02.2016;5_59_3;Minquartia guianensis;MINGUI;schatten;0,14;46,8;2,93;445,255474;58,83539083;16,99657274;2,084281772;0,108345817;0,128645126;543,9886441;1,331;-32,986;1,63443416;48,5923218;53,67315696;0,002605239;883,8286354;52,59521454;0,123100612;0,978025991;2;0;0,305935457;1
154;09.02.2016;5_60_6;Minquartia guianensis;MINGUI;schatten;0,14;44,9;3,56;405,759162;63,69351541;15,70018539;2,369809029;0,167511913;0,275124511;649,801852;1,889;-31,635;1,604573969;50,05376663;69,38620076;0,002283609;1008,309771;67,12866291;0,141660946;0,974040342;2;1;0,305935457;1
155;27.02.2016;0_13_15 (S5);Minquartia guianensis;MINGUI;sonne;;41,4;;0;;;;;;;;;;;51,17841177;0,002799006;822,643768;50,4098172;0,124947565;0,992775561;2;;0,305935457;1
156;27.02.2016;0_7_1 (s6);Minquartia guianensis;MINGUI;sonne;;40,5;;0;;;;;;;;;;;70,16888398;0,001543848;1491,458516;63,24391814;0,100382051;0,992244333;2;;0,305935457;1
247;2015;10_2/5;Minquartia guianensis;MINGUI;sonne;0,24;62,6;5,02;367,226061;;12,22;;;;901,97;;;;;;;;;;;;;0,305935457;1
246;2015;10_4/2;Minquartia guianensis;MINGUI;sonne;0,22;57;4,72;392,105263;;11,88;;;;676,48;0,06;-29,327;2,67;50,62;;;;;;;;;0,305935457;1
157;10.02.2016;10_7_14;Minquartia guianensis;MINGUI;sonne;0,14;54,6;3,93;412,121212;87,29543515;11,45535271;;;;768,1633363;-0,417;-31,138;1,643572177;42,16892162;50,02937127;0,00481809;477,9041457;49,99301994;0,191279778;0,987494093;2;0;0,305935457;1
248;2015;11_2/2;Minquartia guianensis;MINGUI;sonne;0,3;57,4;5,49;363,274588;;9,93;;;;691,51;0,472;-30,356;2,22;50,62;129,9650169;0,00056353;4086,00624;74,15401319;0,071213726;0,989155791;;;0,305935457;1
250;2015;11_5/2;Minquartia guianensis;MINGUI;sonne;0,16;53,3;4,29;362,2142;;19,85;;;;;;;;;43,47763554;0,002251013;1022,910528;41,99217197;0,087635558;0,987149136;;;0,305935457;1
249;2015;14_3/1;Minquartia guianensis;MINGUI;sonne;0,15;40,8;3,48;357,45614;;17,05;;;;;;;;;28,70473528;0,004256837;540,9146035;28,65633225;0,099512721;0,980975024;;;0,305935457;1
161;16.02.2016;0_20_6 (S4);Ochroma pyramidale;OCHPYR;schatten;0,22;46,3;1,99;654,80427;66,55922276;15,0242139;2,334;0,086;0,112;631,3230769;1,564;-33,009;2,565177609;47,59711349;77,18608887;0,00332871;691,7348914;76,66239411;0,218542656;0,996283154;2;0;0;0
162;16.02.2016;13_33_5;Ochroma pyramidale;OCHPYR;schatten;0,22;42,8;1,79;358,999038;66,17339435;15,11181359;2,422435614;0,087377557;0,119603213;583,648496;2,819;-32,099;2,585750053;46,25879748;136,2597892;0,001914;1203,02233;128,5417307;0,237361586;0,998442305;2;0;0;0
163;16.02.2016;13_34_8;Ochroma pyramidale;OCHPYR;schatten;0,23;41,6;2,13;306,834031;50,30699016;19,87795328;2,446;0,081;0,108;577,3805186;2,504;-33,009;2,225097395;45,55775728;109,9581847;0,002797242;823,1626775;108,3024624;0,268306518;0,998716883;2;0;0;0
164;16.02.2016;13_36_6;Ochroma pyramidale;OCHPYR;schatten;0,22;40,6;1,64;323,376623;54,97725445;18,18934048;2,088;0,11;0,136;732,6859131;2,872;-32,496;2,937862609;48,44759581;161,9028431;0,001451188;1586,689321;143,5421183;0,218699166;0,999339916;2;0;0;0
165;16.02.2016;0_20_6 (S4);Ochroma pyramidale;OCHPYR;sonne;0,28;52,3;2,55;409,778813;110,0238995;9,088934351;;;;514,0677985;1,483;-28,626;1,728612942;;234,9580163;0,001156968;1990,188434;193,5301285;0,256702858;0,996858361;2;0;0;0
166;16.02.2016;13_33_5;Ochroma pyramidale;OCHPYR;sonne;0,29;49,4;2,68;383,638211;81,78494833;12,22718875;;;;550,1152089;;;;;170,276498;0,001367133;1684,243331;148,3713064;0,217578914;0,99807816;2;0;0;0
167;16.02.2016;13_34_8;Ochroma pyramidale;OCHPYR;sonne;0,26;47,4;3,15;428,685897;111,745919;8,948872666;;;;620,0998093;2,618;-28,976;2,265393578;47,26947839;193,4564778;0,001284705;1792,306992;165,2938563;0,233232024;0,997829237;2;0;0;0
168;16.02.2016;13_36_6;Ochroma pyramidale;OCHPYR;sonne;0,24;48,5;2,2;366,900175;92,67785397;10,79006426;;;;608,1293079;2,452;-29,146;3,020095053;45,56089406;191,5640055;0,001231295;1870,051395;161,3507921;0,221928528;0,99937813;2;0;0;0
169;09.02.2016;1_17_2;Peltogyne purpurea;PELPUR;schatten;0,22;60,2;2,82;434,080717;70,34238166;14,21618058;2,067179608;0,116906692;0,117143769;480,984458;4,649;-32,508;2,67052448;;;;;;;;;;0,578627049;1
170;18.02.2016;1_18_5;Peltogyne purpurea;PELPUR;schatten;0,15;53,9;3,78;429,732869;71,21600426;14,04178752;2,012;0,12;0,151;;3,668;-32,245;1,833965777;47,07917137;39,90203079;0,001954729;1177,95619;37,77583629;0,070847798;0,987613015;2;0;0,578627049;1
171;10.02.2016;12_25_12;Peltogyne purpurea;PELPUR;schatten;0,2;62,3;3,77;421,18432;72,65257386;13,76413728;2,608688647;0,071581927;0,0986321;448,2662245;3,12;-32,458;1,789560142;47,79810673;71,30676779;0,00281469;818,0600651;70,26078495;0,174933794;0,991449166;2;0;0,578627049;1
172;10.02.2016;12_26_14;Peltogyne purpurea;PELPUR;schatten;0,14;55,8;3,05;407,651715;58,7115639;17,03241974;2,16141167;0,09976458;0,116818661;313,391123;3,658;-31,081;1,994103195;47,57043288;55,21438468;0,003859723;596,5674732;55,04546987;0,17680233;0,996483963;2;0;0,578627049;1
173;12.02.2016;18_31_7;Peltogyne purpurea;PELPUR;schatten;0,17;57,9;3,8;427,828349;59,18205102;16,89701494;2,791202531;0,069967215;0,103060347;388,351261;2,594;-32,239;2,025487351;47,40494631;49,87812668;0,002384695;965,5679566;48,48362095;0,105825067;0,952862858;2;0;0,578627049;1
174;12.02.2016;18_33_4;Peltogyne purpurea;PELPUR;schatten;0,13;50,4;5,88;483,168317;90,29503555;11,07480598;2,250033838;0,099202853;0,139012239;;0,909;-30,543;1,405972978;47,43220149;71,54247271;0,002433292;946,2838999;69,68288794;0,154522176;0,993262537;2;0;0,578627049;1
175;27.02.2016;0_16_17;Peltogyne purpurea;PELPUR;sonne;;52,9;;0;;;;;;;;;;;159,0629558;0,000973219;2365,948606;122,1164073;0,147508701;0,991777648;2;;0,578627049;1
176;19.02.2016;0_8_11 (S8);Peltogyne purpurea;PELPUR;sonne;0,24;41,9;4,91;434,474616;84,88443794;11,78072241;;;;487,4663428;1,228;-30,005;1,931847902;47,195439;145,1043227;0,000725752;3172,68678;96,25090555;0,101579164;0,99117527;2;0;0,578627049;1
177;10.02.2016;12_23_12;Peltogyne purpurea;PELPUR;sonne;0,21;49,9;3,47;496,168582;91,67047741;10,90863742;;;;592,0489656;1,262;-30,245;1,528886745;47,74121275;18,53306359;0,012400485;185,6850804;18,53306344;0,131701477;0,973936925;2;1;0,578627049;1
179;19.02.2016;24_16_15;Peltogyne purpurea;PELPUR;sonne;0,19;31,1;4,86;532,133676;97,73716278;10,2315227;;;;419,2431044;1,301;-30,054;1,168438788;45,32144857;28,75567316;0,002580524;892,293487;28,1563483;0,065403421;0,932480477;1;0;0,578627049;1
178;27.02.2016;24_18_12;Peltogyne purpurea;PELPUR;sonne;;44,9;;0;;;;;;;;;;;132,0554938;0,001041916;2209,952012;104,3855228;0,130665465;0,993010394;2;;0,578627049;1
180;27.02.2016;24_19_15;Peltogyne purpurea;PELPUR;sonne;;35,1;;0;;;;;;;;;;;111,8007876;0,0010452;2203,008602;88,48995284;0,110954722;0,993601656;2;;0,578627049;1
181;19.02.2016;35_8_5;Peltogyne purpurea;PELPUR;sonne;0,2;43,3;4,73;449,473684;85,10566402;11,75009926;;;;636,59945;3,948;-29,768;1,958965517;46,16636636;118,0101821;0,001256058;1833,183793;100,07644;0,139296326;0,996495279;2;0;0,578627049;1
182;04.02.2016;0_19_11 (S2);Platymiscium curuense;PLACUR;sonne;0,09;36,7;2,92;343,832021;53,44333596;18,7114068;;;;;3,574;-29,099;3,349954139;47,63578119;91,85576712;0,002082244;1105,81915;87,81330531;0,172666051;0,994802656;2;0;1,581117925;
183;06.02.2016;22_8_11;Platymiscium curuense;PLACUR;sonne;0,13;44,2;3,02;277,777778;54,3804201;18,38897159;;;;;1,788;-29,771;2,717821617;46,29784786;85,46325945;0,002518276;914,3496643;83,50770822;0,1902594;0,992299251;2;0;1,581117925;
184;16.02.2016;23_15_3;Platymiscium curuense;PLACUR;sonne;0,26;48,1;3,38;369,677419;87,80075551;11,38942364;;;;;;;;;232,3710348;0,001112824;2069,136587;188,5944444;0,24471913;0,997416903;2;0;1,581117925;
185;16.02.2016;23_17_7;Platymiscium curuense;PLACUR;sonne;0,27;43;3,08;286,989796;63,89900159;15,64969679;;;;;-0,447;-29,445;3,985726715;48,46739364;211,9283483;0,001345569;1711,235348;183,7685642;0,266811118;0,997141143;2;0;1,581117925;
186;20.02.2016;1_13_3;Schizolobium parahyba;SCHPAR;schatten;0,08;57,6;2,94;451,192682;33,513274;29,83892293;2,070830089;0,119889118;0,145867671;;1,828;-33,722;3,499538776;47,94854749;;;;;;;;;4,28176765;
187;19.02.2016;35_10_9;Schizolobium parahyba;SCHPAR;sonne;0,06;41,6;2,6;306,319071;39,9959255;25,00254682;;;;;5,622;-30,452;2,960901406;46,23887067;146,6144075;0,001668404;1380,112837;134,6108771;0,225295443;0,969888034;1;0;4,28176765;
188;19.02.2016;35_9_6;Schizolobium parahyba;SCHPAR;sonne;0,16;48,9;2,74;360,273261;53,25349552;18,77811006;;;;;5,178;-30,713;2,438716248;46,4365674;220,5129586;0,000996612;2310,413498;171,059157;0,209169646;0,993209401;2;0;4,28176765;
189;19.02.2016;42_10_11;Schizolobium parahyba;SCHPAR;sonne;0,22;44,5;3,261538462;394,268758;58,48306489;17,09896706;;;;;3,78;-30,019;2,145547928;47,28652822;177,6256479;0,000795351;2895,055234;123,7514465;0,135802619;0,995685251;2;0;4,28176765;
190;23.02.2016;16_16_7;Spondias mombin;SPOMOM;sonne;0,1;39,6;3,7;364,583333;89,36718465;11,18978967;;;;;1,051;-32,362;1,612171416;47,33549395;63,68576775;0,002346182;981,4181133;61,79933285;0,133184275;0,983512309;2;0;2,112917924;
191;04.02.2016;7_19_5;Spondias mombin;SPOMOM;sonne;0,14;25,9;2,52;204,809287;42,38833642;23,59139529;;;;;5,791;-30,678;1,696094208;44,66440778;90,19755617;0,001845577;1247,623128;84,53635449;0,152008204;0,997374418;2;0;2,112917924;
192;20.02.2016;7_19_5;Spondias mombin;SPOMOM;sonne;0,22;42,6;2,67;313,161738;76,92437822;12,99978009;;;;;5,791;-30,678;1,696094208;44,66440778;102,0802669;0,001002384;2297,107676;79,38440285;0,097362437;0,980590069;2;0;2,112917924;
193;04.02.2016;7_20_8;Spondias mombin;SPOMOM;sonne;0,12;49,9;1,81;278,438031;53,68617351;18,62676989;;;;;1,754;-31,133;1,42483481;44,59895546;;;;;;;;;2,112917924;
194;06.02.2016;20_15_10;Symphonia globulifera;SYMGLO;sonne;0,24;39,5;2,87;374,418605;81,06928042;12,33512861;;;;;1,294;-31,017;1,089212103;41,49131666;62,96914756;0,001833415;1255,89986;58,94415509;0,105483491;0,954169673;1;0;0,623096314;
195;06.02.2016;20_18_9;Symphonia globulifera;SYMGLO;sonne;0,24;;1,89;293,548387;66,54884742;15,02655626;;;;;;-31,003;;48,60557633;;;;;;;;;0,623096314;
196;10.02.2016;10_10_10;Terminalia amazonia;TERAMA;schatten;0,14;65,3;2,17;480,741797;92,24182544;10,84106906;2,161896062;0,113664968;0,151306235;382,7786771;1,849;-29,448;1,700761618;43,89789791;96,26651562;0,001809619;1272,414455;89,88954998;0,159352688;0,996164532;2;0;1,61568088;3
197;18.02.2016;10_11_11;Terminalia amazonia;TERAMA;schatten;0,21;64,8;3,3;431,654676;88,14102378;11,34545479;2,278;0,091;0,118;351,8641947;1,944;-31,35;1,701590862;43,9665259;;;;;;;;;1,61568088;3
198;27.02.2016;10_11_11;Terminalia amazonia;TERAMA;schatten;;;;0;;;;;;;;;;;62,14928107;0,003813548;603,7907965;61,94551498;0,197053275;0,99700003;2;;1,61568088;3
199;18.02.2016;11_15_5;Terminalia amazonia;TERAMA;schatten;0,1;63,7;3,55;428,2678;82,01471664;12,19293367;2,451;0,082;0,111;290,3592029;1,524;-31,12;1,738635426;42,30546918;100,2589981;0,003405618;676,1137735;99,65287363;0,289376967;0,997503826;2;0;1,61568088;3
200;18.02.2016;11_18_5;Terminalia amazonia;TERAMA;schatten;0,07;48,5;2,18;364,653244;57,75380226;17,3148773;1,704;0,23;0,387;271,6263511;2,95;-32,587;1,661972684;44,23761926;93,5936506;0,004299941;535,4923022;93,44571059;0,327097681;0,988592048;2;0;1,61568088;3
201;19.02.2016;0_25_2 (S9);Terminalia amazonia;TERAMA;sonne;0,26;42,8;1,52;413,705584;99,57822913;10,04235573;;;;423,5824086;2,89;-28,583;1,420303836;44,15417492;114,4774398;0,00128593;1790,598488;97,84288546;0,138137932;0,995692171;2;0;1,61568088;3
202;27.02.2016;0_46_1 (S1);Terminalia amazonia;TERAMA;sonne;;50,3;;0;;;;;;;;;;;234,544166;0,001024652;2247,187534;184,1101442;0,228423585;0,99386701;2;;1,61568088;3
253;2015;10_5/2;Terminalia amazonia;TERAMA;sonne;0,22;55,6;3,3;416,54979;;11,33;;;;376,7876452;-0,557;-28,792;1,43;38,24;89,17219702;0,002091253;1101,055411;85,30051029;0,168273644;0,997010042;;;1,61568088;3
251;2015;10_6/3;Terminalia amazonia;TERAMA;sonne;0,25;59;3,2;351,449275;;12,07;;;;;4,383;-29,443;2,35;48,84;144,8132257;0,001696012;1357,647;133,4381186;0,22590665;0,998795007;;;1,61568088;3
203;27.02.2016;11_17_4;Terminalia amazonia;TERAMA;sonne;;45,9;;0;;;;;;;;;;;108,1919267;0,001557588;1478,302109;97,7322737;0,156049969;0,999715856;2;;1,61568088;3
252;2015;11_2/4;Terminalia amazonia;TERAMA;sonne;0,26;61,6;3,69;475,783476;;8,66;;;;389,8316212;1,939;-28,017;1,82;51,5;73,99107867;0,002928288;786,3246395;73,07576425;0,187826455;0,999558725;;;1,61568088;3
255;2015;17_1/4;Terminalia amazonia;TERAMA;sonne;0,2;51,9;2,31;436,779324;;11,03;;;;;;;;;;;;;;;;;1,61568088;3
254;2015;18_5/4;Terminalia amazonia;TERAMA;sonne;0,22;43,6;4,05;467,857143;;10,86;;;;334,0090371;;;;;;;;;;;;;1,61568088;3
207;20.02.2016;13_33_8;Virola koschnyi;VIRKOS;schatten;0,26;52,7;2,32;381,191324;71,15711047;14,05340933;2,446;0,081;0,108;433,0891214;2,848;-31,951;2,382181522;50,89862287;72,52019263;0,002852396;807,2458065;71,51490839;0,179970419;0,989028974;2;0;0,654441965;3
208;11.02.2016;13_36_9;Virola koschnyi;VIRKOS;schatten;0,22;57,8;2,38;327,066667;65,71428721;15,21739096;2,284041557;0,089560113;0,099200565;388,2621307;1,945;-32,893;2,294429349;49,70528865;66,60972507;0,003941962;584,1215272;66,42959805;0,217000007;0,99348725;2;0;0,654441965;3
209;12.02.2016;16_14_2;Virola koschnyi;VIRKOS;schatten;0,21;54,1;3,32;304,878049;51,71539971;19,33660004;3,365357015;0,080430011;0,126991352;228,0920497;0,437;-32,354;2,456164901;51,81597275;61,4875635;0,004457538;516,5598702;61,41083419;0,221145295;0,995688751;2;0;0,654441965;3
210;12.02.2016;16_15_4;Virola koschnyi;VIRKOS;schatten;0,27;39,6;3,74;303,909953;54,02950776;18,50840479;2,529078647;0,080870468;0,115133027;;1,509;-32,454;1,951997381;48,03730178;;;;;;;;;0,654441965;3
211;27.02.2016;16_15_4;Virola koschnyi;VIRKOS;schatten;;;;0;;;;;;;;;;;52,91071215;0,002668783;862,7847034;51,94469007;0,123934738;0,995287392;2;;0,654441965;3
212;11.02.2016;6_9_10;Virola koschnyi;VIRKOS;schatten;0,14;40,2;2,65;266,461538;36,03162215;27,75339938;2,066080475;0,115875758;0,153464367;186,7127642;-0,379;-32,837;2,059921564;48,55341391;;;;;;;;;0,654441965;3
213;04.02.2016;0_15_4 (S2);Virola koschnyi;VIRKOS;sonne;0,4;66,9;2,68;365,229111;102,09653;9,794652176;;;;188,5320433;2,775;-28,872;2,009412874;50,53562933;99,42905048;0,002070151;1112,278866;94,97319985;0,185924985;0,994619082;2;0;0,654441965;3
214;19.02.2016;43_15_16;Virola koschnyi;VIRKOS;sonne;0,11;35,6;2,89;463,203463;79,67263697;12,55136064;;;;205,0776266;3,135;-32,3;1,471745225;47,42416088;48,62448971;0,002843638;809,7322553;47,94153662;0,12034908;0,986940717;2;0;0,654441965;3
215;19.02.2016;43_17_13;Virola koschnyi;VIRKOS;sonne;0,15;31;3,47;406,829268;69,83233456;14,32001388;;;;220,3311659;3,241;-30,794;1,231562584;45,42540064;49,90032066;0,002232632;1031,332338;48,14775617;0,099848384;0,982113468;2;0;0,654441965;3
216;19.02.2016;43_19_15;Virola koschnyi;VIRKOS;sonne;0,12;40,6;2,08;456,047032;75,86559832;13,18120495;;;;315,9113288;2,491;-31,483;1,580349819;50,883741;93,23210331;0,002191326;1050,772419;89,74837569;0,183466616;0,992567087;2;0;0,654441965;3
217;09.02.2016;2_23_4;Zygia longiflolia;ZYGLON;schatten;0,2;65,5;6,55;477,477477;85,74737382;11,66216475;2,414682325;0,088303468;0,086366503;522,9683428;0,827;-31,735;2,333973545;50,75490997;40,20512702;0,007590282;303,3596145;40,20467029;0,213842581;0,978379073;1;0;1,082845835;3
218;09.02.2016;2_27_7;Zygia longiflolia;ZYGLON;schatten;0,2;63,6;5,14;507,2095;79,34393965;12,60335704;2,502180363;0,074622413;0,097920408;467,4594525;-0,041;-33,098;2,931048887;50,07465811;79,35243792;0,004049289;568,6393509;79,16976068;0,26422439;0,984198247;2;0;1,082845835;3
219;11.02.2016;8_32_12;Zygia longiflolia;ZYGLON;schatten;0,16;65,3;6,12;423,743501;70,7416345;14,13594706;2,064177318;0,111970368;0,145548554;419,6820839;2,312;-33,11;3,258885873;50,87876234;186,4615527;0,001358171;1695,357639;162,1495785;0,236801855;0,987670366;2;0;1,082845835;3
220;11.02.2016;8_34_9;Zygia longiflolia;ZYGLON;schatten;0,1;60,7;7,02;0;;;1,814176486;0,141643404;0,177298903;357,068177;1,373;-33,694;2,954978813;49,83990187;144,0351254;0,001791991;1284,931139;134,2381801;0,236304828;0,985438495;2;0;1,082845835;3
221;27.02.2016;18_35_9;Zygia longiflolia;ZYGLON;sonne;;56,6;;0;;;;;;;;;;;174,0344837;0,000819816;2808,662322;123,151421;0,136984369;0,983584924;2;;1,082845835;3
222;27.02.2016;23_14_6;Zygia longiflolia;ZYGLON;sonne;;64,4;;0;;;;;;;;;;;222,4708154;0,000928237;2480,5996;167,1892241;0,19721119;0,977474086;1;;1,082845835;3
223;27.02.2016;23_17_4;Zygia longiflolia;ZYGLON;sonne;;57,9;;0;;;;;;;;;;;82,20517839;0,00298175;772,22598;81,26661721;0,211948443;0,999833229;2;;1,082845835;3
224;27.02.2016;23_18_2;Zygia longiflolia;ZYGLON;sonne;;50,3;;0;;;;;;;;;;;209,2137343;0,001084978;2122,241489;168,1186074;0,215111724;0,990403363;2;;1,082845835;3
260;2015;02_2/5;Zygia longifolia;ZYGLON;sonne;0,26;60,3;2,39;439,856373;;10,96;;;;;;;;;;;;;;;;;1,082845835;3
258;2015;05_5/3;Zygia longifolia;ZYGLON;sonne;0,19;62,8;6,13;438,384679;;11,97;;;;569,7726035;-0,315;-29,928;2,99;49,9;;;;;;;;;1,082845835;3
262;2015;08_1/6;Zygia longifolia;ZYGLON;sonne;0,25;71,9;6,72;409,365559;;24,71;;;;506,7096611;4,199;-31,152;2,89;49,89;;;;;;;;;1,082845835;3
259;2015;23_5/1a;Zygia longifolia;ZYGLON;sonne;0,22;57,3;7,28;463,576159;;10,27;;;;577,3695715;1,354;-31,239;2,59;51,59;73,84819924;0,002088725;1102,387829;70,62967153;0,139204823;0,996112929;;;1,082845835;3
257;2015;27_1/5;Zygia longifolia;ZYGLON;sonne;0,25;54,4;8,07;404,822335;;11,49;;;;541,18;;;;;;;;;;;;;1,082845835;3
261;2015;27_3/2;Zygia longifolia;ZYGLON;sonne;0,25;63,9;3,49;506,683641;;9,16;;;;;;;;;140,1084814;0,00115615;1991,59706;115,3741584;0,15297308;0,995817546;;;1,082845835;3
229;2015;10_2-5;Brosimum utile;BROUTI;sonne;;;;0;;;;;;696,1254423;;;;;;;;;;;;;0,419037432;1
262;2015;03_2/6;Aspidosperma spruceanum;ASPSPR;sonne;0,295;59;7,34;423,03719;423,0371901;9,54;;;;;2,053;-28,094;1,58;47,23;;;;;;;;;0,498384947;2
263;2015;25_2/3;Aspidosperma spruceanum;ASPSPR;sonne;0,3;38,8;6,17;372,736954;372,7369542;10,95;;;;;;;;;14,52666195;0,003353263;686,6700983;14,43166477;0,041385771;0,970431287;;;0,498384947;2
264;2015;12_2/1;Aspidosperma spruceanum;ASPSPR;sonne;0,2;39,4;;0;;;;;;;;;;;;;;;;;;;0,498384947;2
265;2015;25_3/6;Aspidosperma spruceanum;ASPSPR;sonne;0,28;49,1;5,81;328,408328;328,4083277;13,33;;;;;;;;;91,48539606;0,001864415;1235,017227;85,90334485;0,155610182;0,998239463;;;0,498384947;2
266;2015;20_1/1;Aspidosperma spruceanum;ASPSPR;sonne;0,35;52;4,09;307,278945;307,2789448;11,13;;;;575,6557956;2,791;-27,195;1,69;46,23;46,20430158;0,001296073;1776,585632;39,59179333;0,056165808;0,977626237;;;0,498384947;2
267;2015;12_5/2;Aspidosperma spruceanum;ASPSPR;sonne;0,27;62,4;4,36;375,235532;375,2355316;10,73;;;;524,8778491;0,281;-28,205;2,28;49,56;144,7023469;0,001549182;1486,323454;130,5354746;0,207669196;0,997811203;;;0,498384947;2
268;2015;20_1/3;Astronium graveolens;ASTGRA;sonne;0,28;34,1;1,8;454,998085;454,998085;15,07;;;;;3,73;-30,873;1,93;49,49;;;;;;;;;1,637801683;3
269;2015;18_4/6;Astronium graveolens;ASTGRA;sonne;0,15;27,2;1,87;358,333333;358,3333333;21,5;;;;1228,061078;2,011;-28,02;2,56;48,25;;;;;;;;;1,637801683;3
270;2015;12_1/2;Astronium graveolens;ASTGRA;sonne;0,15;34,3;1,19;0;;17,3;;;;1574,346515;7,045;-28,694;2,65;50,91;81,3868042;0,002173389;1059,444538;78,26275598;0,158983241;0,998502489;;;1,637801683;3
271;2015;27_6/5;Astronium graveolens;ASTGRA;sonne;0,18;45,5;0,8;375,171468;375,1714678;17,98;;;;;;;;;92,99882855;0,002360906;975,2971414;90,3042884;0,195568069;0,994249728;;;1,637801683;3
